State,Year,Cases
Perlis,1999,46
Kedah,1999,892
Pulau Pinang,1999,585
Perak,1999,1047
Selangor,1999,1956
Putrajaya,1999,1329
Negeri Sembilan,1999,427
Melaka,1999,229
Johor,1999,957
Pahang,1999,782
Terengganu,1999,433
Kelantan,1999,444
Sarawak,1999,675
Sabah,1999,344
Labuan,1999,0
Perlis,2000,29
Kedah,2000,471
Pulau Pinang,2000,160
Perak,2000,387
Selangor,2000,1439
Putrajaya,2000,494
Negeri Sembilan,2000,765
Melaka,2000,104
Johor,2000,1434
Pahang,2000,390
Terengganu,2000,125
Kelantan,2000,368
Sarawak,2000,784
Sabah,2000,153
Labuan,2000,0
Perlis,2001,157
Kedah,2001,590
Pulau Pinang,2001,2288
Perak,2001,1391
Selangor,2001,3828
Putrajaya,2001,2069
Negeri Sembilan,2001,992
Melaka,2001,129
Johor,2001,2346
Pahang,2001,597
Terengganu,2001,271
Kelantan,2001,1007
Sarawak,2001,461
Sabah,2001,242
Labuan,2001,0
Perlis,2002,179
Kedah,2002,751
Pulau Pinang,2002,941
Perak,2002,3278
Selangor,2002,9385
Putrajaya,2002,6723
Negeri Sembilan,2002,1574
Melaka,2002,355
Johor,2002,3952
Pahang,2002,1299
Terengganu,2002,1176
Kelantan,2002,1778
Sarawak,2002,994
Sabah,2002,382
Labuan,2002,0
Perlis,2003,148
Kedah,2003,1278
Pulau Pinang,2003,746
Perak,2003,4418
Selangor,2003,6769
Putrajaya,2003,5629
Negeri Sembilan,2003,2032
Melaka,2003,632
Johor,2003,3249
Pahang,2003,1487
Terengganu,2003,833
Kelantan,2003,2676
Sarawak,2003,856
Sabah,2003,792
Labuan,2003,0
Perlis,2004,398
Kedah,2004,1742
Pulau Pinang,2004,1767
Perak,2004,3108
Selangor,2004,9189
Putrajaya,2004,6288
Negeri Sembilan,2004,1584
Melaka,2004,865
Johor,2004,3056
Pahang,2004,1597
Terengganu,2004,1103
Kelantan,2004,1682
Sarawak,2004,568
Sabah,2004,930
Labuan,2004,18
Perlis,2005,324
Kedah,2005,1862
Pulau Pinang,2005,3527
Perak,2005,3082
Selangor,2005,12705
Putrajaya,2005,5680
Negeri Sembilan,2005,1379
Melaka,2005,909
Johor,2005,2974
Pahang,2005,1823
Terengganu,2005,747
Kelantan,2005,1326
Sarawak,2005,1411
Sabah,2005,1901
Labuan,2005,36
Perlis,2006,193
Kedah,2006,1907
Pulau Pinang,2006,2653
Perak,2006,2007
Selangor,2006,12264
Putrajaya,2006,7804
Negeri Sembilan,2006,1201
Melaka,2006,957
Johor,2006,2726
Pahang,2006,1358
Terengganu,2006,726
Kelantan,2006,2014
Sarawak,2006,1821
Sabah,2006,911
Labuan,2006,14
Perlis,2007,311
Kedah,2007,2584
Pulau Pinang,2007,3106
Perak,2007,2889
Selangor,2007,15891
Putrajaya,2007,7439
Negeri Sembilan,2007,1275
Melaka,2007,732
Johor,2007,3363
Pahang,2007,2657
Terengganu,2007,1269
Kelantan,2007,3503
Sarawak,2007,1845
Sabah,2007,1953
Labuan,2007,29
Perlis,2008,184
Kedah,2008,1678
Pulau Pinang,2008,2324
Perak,2008,4219
Selangor,2008,21262
Putrajaya,2008,5446
Negeri Sembilan,2008,1405
Melaka,2008,830
Johor,2008,3908
Pahang,2008,1327
Terengganu,2008,1721
Kelantan,2008,2399
Sarawak,2008,1517
Sabah,2008,1045
Labuan,2008,70
Perlis,2009,191
Kedah,2009,750
Pulau Pinang,2009,2444
Perak,2009,2734
Selangor,2009,18676
Putrajaya,2009,3746
Negeri Sembilan,2009,1057
Melaka,2009,769
Johor,2009,2528
Pahang,2009,907
Terengganu,2009,968
Kelantan,2009,1031
Sarawak,2009,4490
Sabah,2009,1170
Labuan,2009,25
Perlis,2010,215
Kedah,2010,782
Pulau Pinang,2010,1834
Perak,2010,2288
Selangor,2010,16367
Putrajaya,2010,4205
Negeri Sembilan,2010,1501
Melaka,2010,1485
Johor,2010,4406
Pahang,2010,1688
Terengganu,2010,1472
Kelantan,2010,3578
Sarawak,2010,4240
Sabah,2010,2091
Labuan,2010,19
Perlis,2011,110
Kedah,2011,514
Pulau Pinang,2011,1579
Perak,2011,1411
Selangor,2011,7758
Putrajaya,2011,2038
Negeri Sembilan,2011,737
Melaka,2011,450
Johor,2011,1583
Pahang,2011,894
Terengganu,2011,675
Kelantan,2011,743
Sarawak,2011,974
Sabah,2011,402
Labuan,2011,16
Perlis,2012,172
Kedah,2012,817
Pulau Pinang,2012,791
Perak,2012,1716
Selangor,2012,9113
Putrajaya,2012,1814
Negeri Sembilan,2012,552
Melaka,2012,449
Johor,2012,1650
Pahang,2012,641
Terengganu,2012,739
Kelantan,2012,1245
Sarawak,2012,1519
Sabah,2012,672
Labuan,2012,10
Perlis,2013,226
Kedah,2013,813
Pulau Pinang,2013,1053
Perak,2013,2519
Selangor,2013,23852
Putrajaya,2013,2570
Negeri Sembilan,2013,1198
Melaka,2013,1505
Johor,2013,4828
Pahang,2013,725
Terengganu,2013,600
Kelantan,2013,1427
Sarawak,2013,1292
Sabah,2013,724
Labuan,2013,14
Perlis,2014,317
Kedah,2014,1014
Pulau Pinang,2014,3141
Perak,2014,7525
Selangor,2014,54290
Putrajaya,2014,7185
Negeri Sembilan,2014,3781
Melaka,2014,2770
Johor,2014,6323
Pahang,2014,2170
Terengganu,2014,1688
Kelantan,2014,14456
Sarawak,2014,2571
Sabah,2014,1456
Labuan,2014,11
Perlis,2015,258
Kedah,2015,1000
Pulau Pinang,2015,5830
Perak,2015,9466
Selangor,2015,63198
Putrajaya,2015,8332
Negeri Sembilan,2015,2454
Melaka,2015,2420
Johor,2015,15743
Pahang,2015,3001
Terengganu,2015,1455
Kelantan,2015,2850
Sarawak,2015,1923
Sabah,2015,2904
Labuan,2015,2
Perlis,2016,183
Kedah,2016,994
Pulau Pinang,2016,2576
Perak,2016,3777
Selangor,2016,51652
Putrajaya,2016,8663
Negeri Sembilan,2016,2879
Melaka,2016,2299
Johor,2016,10641
Pahang,2016,3050
Terengganu,2016,2009
Kelantan,2016,6180
Sarawak,2016,2773
Sabah,2016,3668
Labuan,2016,13
Perlis,2017,175
Kedah,2017,1430
Pulau Pinang,2017,2681
Perak,2017,5411
Selangor,2017,45290
Putrajaya,2017,8350
Negeri Sembilan,2017,3055
Melaka,2017,1425
Johor,2017,7932
Pahang,2017,1690
Terengganu,2017,292
Kelantan,2017,2515
Sarawak,2017,952
Sabah,2017,2560
Labuan,2017,91
Perlis,2018,369
Kedah,2018,2190
Pulau Pinang,2018,6071
Perak,2018,2736
Selangor,2018,45349
Putrajaya,2018,7591
Negeri Sembilan,2018,1864
Melaka,2018,722
Johor,2018,5885
Pahang,2018,990
Terengganu,2018,550
Kelantan,2018,1950
Sarawak,2018,823
Sabah,2018,3423
Labuan,2018,102
Perlis,2019,288
Kedah,2019,1587
Pulau Pinang,2019,4119
Perak,2019,3226
Selangor,2019,72543
Putrajaya,2019,15424
Negeri Sembilan,2019,2305
Melaka,2019,2156
Johor,2019,10873
Pahang,2019,2873
Terengganu,2019,542
Kelantan,2019,6003
Sarawak,2019,2648
Sabah,2019,5478
Labuan,2019,36
